-- ========================================
-- Cultural Relics Management System
-- 数据插入脚本 (50+ 条记录)
-- 时间范围: 2024年起
-- ========================================

USE cultural_relics;

-- ========================================
-- 1. 角色数据 (5条)
-- ========================================
INSERT INTO sys_role (id, role_name, role_code, description, status, create_time) VALUES
(1, '系统管理员', 'ADMIN', '系统最高权限管理员', 1, '2024-01-01 08:00:00'),
(2, '文物保管员', 'CURATOR', '负责文物信息和维护记录管理', 1, '2024-01-01 08:00:00'),
(3, '借展审批员', 'APPROVER', '负责借展申请审批', 1, '2024-01-01 08:00:00'),
(4, '文物借展人', 'LOANER', '负责申请借展文物', 1, '2024-01-01 08:00:00'),
(5, '系统审计员', 'AUDITOR', '负责系统日志审计', 1, '2024-01-01 08:00:00')
ON DUPLICATE KEY UPDATE role_name=VALUES(role_name);

-- ========================================
-- 2. 用户数据 (15条) - 密码均为: 123456
-- BCrypt加密: $2a$10$4F.XROvXwA3iPdgP3aHQq.aU1qQY4SDENEvVk9sdxEx74XbcwkP9u
-- ========================================
INSERT INTO sys_user (id, username, password, real_name, email, phone, status, role_id, create_time) VALUES
(1, 'admin', '$2a$10$4F.XROvXwA3iPdgP3aHQq.aU1qQY4SDENEvVk9sdxEx74XbcwkP9u', '系统管理员', 'admin@museum.com', '13800138000', 1, 1, '2024-01-01 08:00:00'),
(2, 'curator01', '$2a$10$4F.XROvXwA3iPdgP3aHQq.aU1qQY4SDENEvVk9sdxEx74XbcwkP9u', '张文博', 'zhang@museum.com', '13800138001', 1, 2, '2024-01-02 09:00:00'),
(3, 'curator02', '$2a$10$4F.XROvXwA3iPdgP3aHQq.aU1qQY4SDENEvVk9sdxEx74XbcwkP9u', '李明华', 'li@museum.com', '13800138002', 1, 2, '2024-01-02 09:00:00'),
(4, 'curator03', '$2a$10$4F.XROvXwA3iPdgP3aHQq.aU1qQY4SDENEvVk9sdxEx74XbcwkP9u', '王静雅', 'wang@museum.com', '13800138003', 1, 2, '2024-01-02 09:00:00'),
(5, 'approver01', '$2a$10$4F.XROvXwA3iPdgP3aHQq.aU1qQY4SDENEvVk9sdxEx74XbcwkP9u', '赵国强', 'zhao@museum.com', '13800138004', 1, 3, '2024-01-03 09:00:00'),
(6, 'approver02', '$2a$10$4F.XROvXwA3iPdgP3aHQq.aU1qQY4SDENEvVk9sdxEx74XbcwkP9u', '刘建国', 'liu@museum.com', '13800138005', 1, 3, '2024-01-03 09:00:00'),
(7, 'loaner01', '$2a$10$4F.XROvXwA3iPdgP3aHQq.aU1qQY4SDENEvVk9sdxEx74XbcwkP9u', '陈晓东', 'chen@museum.com', '13800138006', 1, 4, '2024-01-04 09:00:00'),
(8, 'loaner02', '$2a$10$4F.XROvXwA3iPdgP3aHQq.aU1qQY4SDENEvVk9sdxEx74XbcwkP9u', '周敏', 'zhou@museum.com', '13800138007', 1, 4, '2024-01-04 09:00:00'),
(9, 'auditor01', '$2a$10$4F.XROvXwA3iPdgP3aHQq.aU1qQY4SDENEvVk9sdxEx74XbcwkP9u', '吴建华', 'wu@museum.com', '13800138008', 1, 5, '2024-01-05 09:00:00'),
(10, 'staff01', '$2a$10$4F.XROvXwA3iPdgP3aHQq.aU1qQY4SDENEvVk9sdxEx74XbcwkP9u', '郑云飞', 'zheng@museum.com', '13800138009', 1, 2, '2024-01-06 09:00:00'),
(11, 'staff02', '$2a$10$4F.XROvXwA3iPdgP3aHQq.aU1qQY4SDENEvVk9sdxEx74XbcwkP9u', '孙丽娟', 'sun@museum.com', '13800138010', 1, 2, '2024-01-06 09:00:00'),
(12, 'staff03', '$2a$10$4F.XROvXwA3iPdgP3aHQq.aU1qQY4SDENEvVk9sdxEx74XbcwkP9u', '马志强', 'ma@museum.com', '13800138011', 1, 3, '2024-01-07 09:00:00'),
(13, 'staff04', '$2a$10$4F.XROvXwA3iPdgP3aHQq.aU1qQY4SDENEvVk9sdxEx74XbcwkP9u', '林芳', 'lin@museum.com', '13800138012', 1, 2, '2024-01-07 09:00:00'),
(14, 'staff05', '$2a$10$4F.XROvXwA3iPdgP3aHQq.aU1qQY4SDENEvVk9sdxEx74XbcwkP9u', '黄伟', 'huang@museum.com', '13800138013', 1, 3, '2024-01-08 09:00:00'),
(15, 'visitor01', '$2a$10$4F.XROvXwA3iPdgP3aHQq.aU1qQY4SDENEvVk9sdxEx74XbcwkP9u', '徐晓明', 'xu@museum.com', '13800138014', 1, 4, '2024-01-08 09:00:00')
ON DUPLICATE KEY UPDATE password=VALUES(password), real_name=VALUES(real_name);

-- ========================================
-- 3. 文物分类数据 (12条)
-- ========================================
INSERT INTO cultural_relic_category (id, category_name, parent_id, sort_order, description, create_time) VALUES
(1, '青铜器', 0, 1, '青铜器文物，包括礼器、兵器、乐器等', '2024-01-10 10:00:00'),
(2, '陶瓷器', 0, 2, '陶瓷器文物，包括陶器、瓷器等', '2024-01-10 10:00:00'),
(3, '书画', 0, 3, '书法绘画作品', '2024-01-10 10:00:00'),
(4, '玉器', 0, 4, '玉石器物', '2024-01-10 10:00:00'),
(5, '金银器', 0, 5, '金银制品', '2024-01-10 10:00:00'),
(6, '碑帖', 0, 6, '碑刻拓片', '2024-01-10 10:00:00'),
(7, '钱币', 0, 7, '古代钱币', '2024-01-10 10:00:00'),
(8, '服饰', 0, 8, '传统服饰', '2024-01-10 10:00:00'),
(9, '佛像', 0, 9, '佛教造像', '2024-01-10 10:00:00'),
(10, '家具', 0, 10, '古代家具', '2024-01-10 10:00:00'),
(11, '漆器', 0, 11, '漆器工艺品', '2024-01-10 10:00:00'),
(12, '杂项', 0, 12, '其他文物', '2024-01-10 10:00:00')
ON DUPLICATE KEY UPDATE category_name=VALUES(category_name);

-- ========================================
-- Cultural Relics Management System
-- 数据插入脚本 (50+ 条记录)
-- 时间范围: 2024年起
-- ========================================

USE cultural_relics;

-- ========================================
-- 1. 文物信息数据 (50条)
-- ========================================
INSERT INTO cultural_relic (relic_code, relic_name, category_id, era, material, origin, dimensions, weight, description, status, create_time) VALUES
('WW2024001', '商代青铜鼎', 1, '商代', '青铜', '河南安阳', '45x45x60cm', 38.50, '三足圆鼎，腹部饰饕餮纹', '在库', '2024-01-15 09:00:00'),
('WW2024002', '西周青铜簋', 1, '西周', '青铜', '陕西宝鸡', '30x30x25cm', 12.30, '圆形食器，有盖，铭文六字', '在库', '2024-01-16 10:00:00'),
('WW2024003', '战国青铜剑', 1, '战国', '青铜', '湖北荆州', '85x4x1cm', 2.80, '剑身修长，保存完好', '在库', '2024-01-18 11:00:00'),
('WW2024004', '汉代青铜镜', 1, '汉代', '青铜', '河北满城', '直径20cm', 0.85, '圆形铜镜，背面四神纹饰', '在库', '2024-01-20 09:30:00'),
('WW2024005', '唐代青铜佛像', 1, '唐代', '青铜', '山西太原', '35x20x50cm', 15.60, '立式观音造像，鎏金残存', '在库', '2024-01-22 10:30:00'),

('WW2024006', '新石器彩陶罐', 2, '新石器时代', '陶', '甘肃马家窑', '35x35x40cm', 8.20, '红陶黑彩，几何纹饰', '在库', '2024-01-25 09:00:00'),
('WW2024007', '唐三彩马', 2, '唐代', '陶', '河南洛阳', '40x15x38cm', 9.50, '三彩釉马俑，色彩鲜艳', '在库', '2024-02-01 10:00:00'),
('WW2024008', '宋代汝窑盘', 2, '宋代', '瓷', '河南汝州', '直径18cm', 0.45, '天青釉，开片自然', '在库', '2024-02-05 11:00:00'),
('WW2024009', '元代青花瓷瓶', 2, '元代', '瓷', '江西景德镇', '高45cm', 3.20, '青花缠枝牡丹纹梅瓶', '在库', '2024-02-08 09:30:00'),
('WW2024010', '明代青花碗', 2, '明代', '瓷', '江西景德镇', '直径15cm', 0.30, '永乐年制款，龙纹装饰', '在库', '2024-02-10 10:30:00'),
('WW2024011', '清代粉彩瓶', 2, '清代', '瓷', '江西景德镇', '高38cm', 2.50, '粉彩花鸟纹，乾隆款', '在库', '2024-02-12 11:30:00'),

('WW2024012', '王羲之兰亭序摹本', 3, '晋代', '纸本', '浙江绍兴', '24x69cm', 0.15, '行书精品，唐代摹本', '在库', '2024-02-15 09:00:00'),
('WW2024013', '唐代山水画卷', 3, '唐代', '绢本', '陕西西安', '30x200cm', 0.60, '青绿山水，设色精美', '在库', '2024-02-18 10:00:00'),
('WW2024014', '宋徽宗瘦金体书法', 3, '宋代', '纸本', '河南开封', '35x120cm', 0.25, '瘦金体楷书，笔法独特', '借出', '2024-02-20 11:00:00'),
('WW2024015', '元代赵孟頫行书', 3, '元代', '纸本', '浙江湖州', '28x95cm', 0.20, '行书手卷，墨色浓淡适宜', '在库', '2024-02-22 09:30:00'),
('WW2024016', '明代唐寅山水画', 3, '明代', '纸本', '江苏苏州', '120x60cm', 0.40, '水墨山水立轴', '在库', '2024-02-25 10:30:00'),
('WW2024017', '清代郑板桥竹石图', 3, '清代', '纸本', '江苏扬州', '100x50cm', 0.35, '墨竹题诗，扬州八怪风格', '在库', '2024-02-28 11:30:00'),

('WW2024018', '新石器玉璧', 4, '新石器时代', '玉', '浙江良渚', '直径25cm', 1.20, '圆形玉璧，神人兽面纹', '在库', '2024-03-01 09:00:00'),
('WW2024019', '商代玉戈', 4, '商代', '玉', '河南安阳', '35x8x0.5cm', 0.45, '青玉戈，刃部锋利', '在库', '2024-03-03 10:00:00'),
('WW2024020', '汉代玉衣片', 4, '汉代', '玉', '河北满城', '5x3x0.2cm', 0.05, '金缕玉衣残片，和田白玉', '在库', '2024-03-05 11:00:00'),
('WW2024021', '唐代玉佩', 4, '唐代', '玉', '陕西西安', '8x5x1cm', 0.12, '白玉雕花佩饰', '在库', '2024-03-08 09:30:00'),
('WW2024022', '明代玉如意', 4, '明代', '玉', '北京', '35x8x3cm', 0.85, '白玉雕灵芝如意', '在库', '2024-03-10 10:30:00'),
('WW2024023', '清代翡翠手镯', 4, '清代', '翡翠', '云南', '直径6cm', 0.08, '满绿翡翠手镯', '在库', '2024-03-12 11:30:00'),

('WW2024024', '唐代金杯', 5, '唐代', '金', '陕西西安', '高8cm', 0.25, '鎏金银杯，錾刻花纹', '在库', '2024-03-15 09:00:00'),
('WW2024025', '宋代银壶', 5, '宋代', '银', '浙江杭州', '高20cm', 1.50, '银质茶壶，錾花工艺', '维修中', '2024-03-18 10:00:00'),
('WW2024026', '元代金冠', 5, '元代', '金', '内蒙古', '直径18cm', 0.65, '蒙古贵族金冠', '在库', '2024-03-20 11:00:00'),
('WW2024027', '明代金簪', 5, '明代', '金', '北京', '长15cm', 0.15, '凤凰造型金簪', '在库', '2024-03-22 09:30:00'),
('WW2024028', '清代银锭', 5, '清代', '银', '山西', '10x5x3cm', 0.50, '五十两银锭', '在库', '2024-03-25 10:30:00'),

('WW2024029', '汉代石碑', 6, '汉代', '石', '山东曲阜', '180x80x25cm', 350.00, '隶书碑文，保存完整', '在库', '2024-03-28 09:00:00'),
('WW2024030', '北魏造像碑', 6, '北魏', '石', '河南洛阳', '200x90x30cm', 420.00, '佛教造像碑，铭文清晰', '在库', '2024-04-01 10:00:00'),
('WW2024031', '唐代墓志铭', 6, '唐代', '石', '陕西西安', '60x60x10cm', 85.00, '楷书墓志，书法精美', '在库', '2024-04-03 11:00:00'),
('WW2024032', '宋代碑刻拓片', 6, '宋代', '纸', '河南开封', '150x70cm', 0.30, '名家碑刻拓本', '在库', '2024-04-05 09:30:00'),

('WW2024033', '战国刀币', 7, '战国', '铜', '河北', '长5cm', 0.02, '燕国刀币', '在库', '2024-04-08 09:00:00'),
('WW2024034', '秦半两钱', 7, '秦代', '铜', '陕西', '直径3cm', 0.01, '秦统一货币', '在库', '2024-04-10 10:00:00'),
('WW2024035', '汉五铢钱', 7, '汉代', '铜', '长安', '直径2.5cm', 0.01, '汉代通用货币', '在库', '2024-04-12 11:00:00'),
('WW2024036', '唐开元通宝', 7, '唐代', '铜', '长安', '直径2.4cm', 0.01, '唐代标准货币', '在库', '2024-04-15 09:30:00'),
('WW2024037', '宋代铜钱套装', 7, '宋代', '铜', '开封', '25x25x5cm', 2.50, '宋代各朝钱币100枚', '在库', '2024-04-18 10:30:00'),

('WW2024038', '明代龙袍', 8, '明代', '丝绸', '北京', '160x140cm', 2.50, '黄色龙袍，刺绣精美', '在库', '2024-04-20 09:00:00'),
('WW2024039', '清代官服', 8, '清代', '丝绸', '北京', '150x130cm', 2.00, '一品文官补服', '在库', '2024-04-22 10:00:00'),
('WW2024040', '民国旗袍', 8, '民国', '丝绸', '上海', '120x60cm', 0.50, '海派旗袍，手工刺绣', '在库', '2024-04-25 11:00:00'),

('WW2024041', '北魏石佛像', 9, '北魏', '石', '山西大同', '50x40x120cm', 180.00, '云冈风格佛像', '在库', '2024-04-28 09:00:00'),
('WW2024042', '唐代铜观音', 9, '唐代', '铜', '陕西西安', '40x30x80cm', 35.00, '鎏金观音立像', '在库', '2024-05-01 10:00:00'),
('WW2024043', '宋代木雕罗汉', 9, '宋代', '木', '浙江杭州', '35x30x70cm', 12.00, '彩绘木雕罗汉', '在库', '2024-05-03 11:00:00'),
('WW2024044', '明代铜佛', 9, '明代', '铜', '北京', '30x25x60cm', 25.00, '藏传佛教造像', '在库', '2024-05-05 09:30:00'),

('WW2024045', '明代黄花梨椅', 10, '明代', '黄花梨', '苏州', '60x50x100cm', 15.00, '明式圈椅，造型简洁', '在库', '2024-05-08 09:00:00'),
('WW2024046', '清代紫檀桌', 10, '清代', '紫檀', '北京', '120x80x85cm', 80.00, '紫檀画案，雕工精细', '在库', '2024-05-10 10:00:00'),
('WW2024047', '清代红木柜', 10, '清代', '红木', '广州', '100x50x180cm', 120.00, '顶箱柜，雕刻花鸟', '在库', '2024-05-12 11:00:00'),

('WW2024048', '战国漆器盒', 11, '战国', '木胎漆', '湖北', '20x20x15cm', 0.80, '黑漆朱绘，纹饰精美', '在库', '2024-05-15 09:00:00'),
('WW2024049', '汉代漆盘', 11, '汉代', '木胎漆', '湖南', '直径30cm', 1.20, '朱漆描金，保存良好', '在库', '2024-05-18 10:00:00'),
('WW2024050', '明代剔红盒', 11, '明代', '木胎漆', '北京', '15x15x10cm', 0.50, '剔红工艺，雕刻花卉', '在库', '2024-05-20 11:00:00');

-- ========================================
-- 2. 借展记录数据 (15条)
-- ========================================
INSERT INTO loan_record (relic_id, borrower_name, borrower_unit, borrower_phone, loan_date, expected_return_date, actual_return_date, purpose, status, approver_name, approve_time, approve_remark, create_time) VALUES
(1, '张文博', '省博物馆', '13900001001', '2024-03-01 09:00:00', '2024-04-01 09:00:00', '2024-03-30 15:00:00', '青铜器专题展览', '已归还', '赵国强', '2024-02-28 14:00:00', '同意借展', '2024-02-25 10:00:00'),
(3, '李明华', '市历史博物馆', '13900001002', '2024-04-10 10:00:00', '2024-05-10 10:00:00', '2024-05-09 16:00:00', '战国文物展', '已归还', '刘建国', '2024-04-08 15:00:00', '同意', '2024-04-05 11:00:00'),
(7, '王静雅', '文化艺术中心', '13900001003', '2024-05-15 09:00:00', '2024-06-15 09:00:00', NULL, '唐代文化展', '借展中', '赵国强', '2024-05-13 16:00:00', '批准借展', '2024-05-10 09:00:00'),
(14, '陈晓东', '大学博物馆', '13900001004', '2024-06-01 10:00:00', '2024-07-01 10:00:00', NULL, '书画艺术研究', '借展中', '刘建国', '2024-05-30 14:00:00', '同意', '2024-05-28 10:00:00'),
(9, '周敏', '艺术馆', '13900001005', '2024-06-10 11:00:00', '2024-07-10 11:00:00', NULL, '瓷器文化展', '借展中', '赵国强', '2024-06-08 15:00:00', '批准', '2024-06-05 11:00:00'),
(12, '吴建华', '文物研究所', '13900001006', '2024-07-01 09:00:00', '2024-08-01 09:00:00', NULL, '古代书法研究', '待审批', NULL, NULL, NULL, '2024-06-28 10:00:00'),
(18, '郑云飞', '玉器博物馆', '13900001007', '2024-07-05 10:00:00', '2024-08-05 10:00:00', NULL, '玉器专题展', '待审批', NULL, NULL, NULL, '2024-07-02 11:00:00'),
(24, '孙丽娟', '金银器馆', '13900001008', '2024-07-10 11:00:00', '2024-08-10 11:00:00', NULL, '唐代金银器展', '待审批', NULL, NULL, NULL, '2024-07-08 09:00:00'),
(29, '马志强', '碑刻博物馆', '13900001009', '2024-07-15 09:00:00', '2024-08-15 09:00:00', NULL, '汉代碑刻研究', '待审批', NULL, NULL, NULL, '2024-07-12 10:00:00'),
(38, '林芳', '服饰博物馆', '13900001010', '2024-07-20 10:00:00', '2024-08-20 10:00:00', NULL, '明清服饰展', '待审批', NULL, NULL, NULL, '2024-07-18 11:00:00'),
(5, '黄伟', '佛教艺术馆', '13900001011', '2024-02-15 09:00:00', '2024-03-15 09:00:00', '2024-03-14 16:00:00', '佛教造像展', '已归还', '赵国强', '2024-02-13 14:00:00', '同意', '2024-02-10 10:00:00'),
(10, '徐晓明', '陶瓷研究院', '13900001012', '2024-03-20 10:00:00', '2024-04-20 10:00:00', '2024-04-25 15:00:00', '明代瓷器研究', '已归还', '刘建国', '2024-03-18 15:00:00', '批准', '2024-03-15 11:00:00'),
(25, '张文博', '金属工艺馆', '13900001013', '2024-04-25 11:00:00', '2024-05-25 11:00:00', NULL, '古代金属工艺展', '逾期', '赵国强', '2024-04-23 16:00:00', '同意', '2024-04-20 09:00:00'),
(33, '李明华', '钱币博物馆', '13900001014', '2024-05-30 09:00:00', '2024-06-30 09:00:00', NULL, '战国货币研究', '借展中', '刘建国', '2024-05-28 14:00:00', '批准', '2024-05-25 10:00:00'),
(45, '王静雅', '家具博物馆', '13900001015', '2024-06-20 10:00:00', '2024-07-20 10:00:00', NULL, '明式家具展', '借展中', '赵国强', '2024-06-18 15:00:00', '同意', '2024-06-15 11:00:00');

-- ========================================
-- 3. 维护记录数据 (20条)
-- ========================================
INSERT INTO maintenance_record (relic_id, maintenance_type, maintenance_date, maintenance_content, maintainer, remark, create_time) VALUES
(1, '日常保养', '2024-01-20 09:00:00', '青铜器表面除尘，防氧化处理', '张文博', '状态良好', '2024-01-20 09:30:00'),
(2, '状态检查', '2024-01-25 10:00:00', '检查青铜簋表面锈蚀情况', '李明华', '发现轻微锈斑', '2024-01-25 10:30:00'),
(3, '日常保养', '2024-02-05 11:00:00', '青铜剑除尘，刃部保护', '王静雅', '保存完好', '2024-02-05 11:30:00'),
(4, '深度维护', '2024-02-10 09:00:00', '铜镜表面清洁与防护', '张文博', '已做防护处理', '2024-02-10 09:30:00'),
(5, '状态检查', '2024-02-15 10:00:00', '检查鎏金残存情况', '李明华', '鎏金脱落严重', '2024-02-15 10:30:00'),
(6, '日常保养', '2024-02-20 11:00:00', '彩陶罐除尘，温湿度监测', '王静雅', '正常', '2024-02-20 11:30:00'),
(7, '环境检查', '2024-02-25 09:00:00', '三彩马釉面检查，环境调控', '郑云飞', '釉面完好', '2024-02-25 09:30:00'),
(8, '日常保养', '2024-03-01 10:00:00', '汝窑盘清洁保养', '孙丽娟', '开片自然', '2024-03-01 10:30:00'),
(9, '状态检查', '2024-03-05 11:00:00', '青花瓷瓶釉面检查', '马志强', '状态良好', '2024-03-05 11:30:00'),
(10, '日常保养', '2024-03-10 09:00:00', '青花碗除尘保养', '林芳', '正常', '2024-03-10 09:30:00'),
(12, '环境检查', '2024-03-15 10:00:00', '书法作品防潮检查', '张文博', '需要除湿', '2024-03-15 10:30:00'),
(13, '日常保养', '2024-03-20 11:00:00', '山水画卷展卷检查', '李明华', '绢本完好', '2024-03-20 11:30:00'),
(15, '状态检查', '2024-03-25 09:00:00', '行书手卷纸张状态检查', '王静雅', '纸张老化', '2024-03-25 09:30:00'),
(18, '日常保养', '2024-04-01 10:00:00', '玉璧清洁保养', '郑云飞', '玉质温润', '2024-04-01 10:30:00'),
(20, '状态检查', '2024-04-05 11:00:00', '玉衣片检查', '孙丽娟', '完好', '2024-04-05 11:30:00'),
(24, '深度维护', '2024-04-10 09:00:00', '金杯清洁与防护', '马志强', '已做保护', '2024-04-10 09:30:00'),
(25, '状态检查', '2024-04-15 10:00:00', '银壶氧化检查', '林芳', '需要修复', '2024-04-15 10:30:00'),
(29, '日常保养', '2024-04-20 11:00:00', '石碑除尘清洁', '张文博', '碑文清晰', '2024-04-20 11:30:00'),
(38, '环境检查', '2024-04-25 09:00:00', '龙袍防虫防潮检查', '李明华', '需要防虫处理', '2024-04-25 09:30:00'),
(45, '日常保养', '2024-05-01 10:00:00', '黄花梨椅清洁保养', '王静雅', '木质良好', '2024-05-01 10:30:00');

-- ========================================
-- 4. 修复记录数据 (10条)
-- ========================================
INSERT INTO repair_record (relic_id, repair_reason, repair_process, repair_person, repair_cost, repair_date, create_time) VALUES
(2, '表面锈蚀', '化学除锈，表面防护涂层处理', '修复专家李工', 1500.00, '2024-02-01 09:00:00', '2024-02-01 16:00:00'),
(5, '鎏金脱落', '鎏金修复，表面加固处理', '修复专家王工', 3500.00, '2024-02-20 10:00:00', '2024-02-20 17:00:00'),
(15, '纸张老化', '脱酸处理，边缘加固', '修复专家张工', 2800.00, '2024-04-01 11:00:00', '2024-04-01 18:00:00'),
(25, '银器氧化', '化学清洗，防氧化处理', '修复专家赵工', 2200.00, '2024-04-20 09:00:00', '2024-04-20 16:00:00'),
(38, '织物破损', '织物修补，防虫处理', '修复专家刘工', 4500.00, '2024-05-05 10:00:00', '2024-05-05 17:00:00'),
(11, '釉面细裂', '显微加固处理', '修复专家陈工', 1800.00, '2024-03-15 11:00:00', '2024-03-15 18:00:00'),
(30, '碑文模糊', '表面清洁，文字加固', '修复专家周工', 3200.00, '2024-04-25 09:00:00', '2024-04-25 16:00:00'),
(43, '彩绘脱落', '彩绘修复，表面保护', '修复专家吴工', 2600.00, '2024-05-10 10:00:00', '2024-05-10 17:00:00'),
(48, '漆层剥落', '漆层修补，表面加固', '修复专家郑工', 2100.00, '2024-05-20 11:00:00', '2024-05-20 18:00:00'),
(46, '木材开裂', '裂缝填补，结构加固', '修复专家孙工', 5500.00, '2024-05-15 09:00:00', '2024-05-15 16:00:00');

-- ========================================
-- 5. 操作日志数据 (20条)
-- ========================================
INSERT INTO sys_operation_log (operator, operation_type, operation_module, operation_content, operation_result, ip_address, operation_time) VALUES
('admin', 'LOGIN', '认证模块', '管理员登录系统', 'SUCCESS', '192.168.1.100', '2024-01-15 08:30:00'),
('curator01', 'INSERT', '文物管理', '新增文物：商代青铜鼎', 'SUCCESS', '192.168.1.101', '2024-01-15 09:00:00'),
('curator02', 'INSERT', '文物管理', '新增文物：西周青铜簋', 'SUCCESS', '192.168.1.102', '2024-01-16 10:00:00'),
('curator03', 'UPDATE', '文物管理', '更新文物状态：WW2024014', 'SUCCESS', '192.168.1.103', '2024-02-20 11:30:00'),
('approver01', 'APPROVE', '借展管理', '审批借展申请：省博物馆', 'SUCCESS', '192.168.1.104', '2024-02-28 14:00:00'),
('approver02', 'APPROVE', '借展管理', '审批借展申请：市历史博物馆', 'SUCCESS', '192.168.1.105', '2024-04-08 15:00:00'),
('curator01', 'INSERT', '维护管理', '新增维护记录：青铜器保养', 'SUCCESS', '192.168.1.101', '2024-01-20 09:30:00'),
('curator02', 'INSERT', '维护管理', '新增维护记录：状态检查', 'SUCCESS', '192.168.1.102', '2024-01-25 10:30:00'),
('staff01', 'INSERT', '修复管理', '新增修复记录：青铜簋除锈', 'SUCCESS', '192.168.1.106', '2024-02-01 16:00:00'),
('staff02', 'INSERT', '修复管理', '新增修复记录：佛像鎏金修复', 'SUCCESS', '192.168.1.107', '2024-02-20 17:00:00'),
('approver01', 'APPROVE', '借展管理', '审批借展申请：文化艺术中心', 'SUCCESS', '192.168.1.104', '2024-05-13 16:00:00'),
('approver02', 'APPROVE', '借展管理', '审批借展申请：大学博物馆', 'SUCCESS', '192.168.1.105', '2024-05-30 14:00:00'),
('curator03', 'UPDATE', '文物管理', '更新文物信息：唐三彩马', 'SUCCESS', '192.168.1.103', '2024-03-10 10:00:00'),
('admin', 'EXPORT', '统计模块', '导出文物统计报表', 'SUCCESS', '192.168.1.100', '2024-04-15 14:30:00'),
('auditor01', 'QUERY', '日志模块', '查询系统操作日志', 'SUCCESS', '192.168.1.108', '2024-05-01 09:00:00'),
('curator01', 'DELETE', '文物管理', '删除重复文物记录', 'SUCCESS', '192.168.1.101', '2024-03-20 11:00:00'),
('admin', 'UPDATE', '用户管理', '修改用户权限：curator02', 'SUCCESS', '192.168.1.100', '2024-02-10 10:00:00'),
('approver01', 'REJECT', '借展管理', '驳回借展申请：条件不符', 'SUCCESS', '192.168.1.104', '2024-04-05 15:00:00'),
('staff03', 'INSERT', '维护管理', '新增维护记录：环境检查', 'SUCCESS', '192.168.1.109', '2024-03-25 09:30:00'),
('admin', 'LOGOUT', '认证模块', '管理员退出系统', 'SUCCESS', '192.168.1.100', '2024-05-20 18:00:00');

-- ========================================
-- 6. AI对话会话数据 (10条)
-- ========================================
INSERT INTO ai_chat_session (id, user_id, session_title, create_time, update_time) VALUES
(1, 1, '查询青铜器相关信息', '2024-03-01 10:00:00', '2024-03-01 10:15:00'),
(2, 2, '了解唐代文物', '2024-03-05 11:00:00', '2024-03-05 11:20:00'),
(3, 3, '瓷器鉴定咨询', '2024-03-10 14:00:00', '2024-03-10 14:25:00'),
(4, 4, '书画作品研究', '2024-03-15 09:00:00', '2024-03-15 09:30:00'),
(5, 5, '玉器文化探讨', '2024-03-20 10:00:00', '2024-03-20 10:40:00'),
(6, 1, '金银器工艺咨询', '2024-04-01 11:00:00', '2024-04-01 11:18:00'),
(7, 2, '碑刻文字解读', '2024-04-10 15:00:00', '2024-04-10 15:35:00'),
(8, 3, '古代钱币鉴别', '2024-04-20 13:00:00', '2024-04-20 13:22:00'),
(9, 6, '服饰文化了解', '2024-05-01 10:00:00', '2024-05-01 10:28:00'),
(10, 7, '佛教造像艺术', '2024-05-15 14:00:00', '2024-05-15 14:45:00');

-- ========================================
-- 7. AI对话消息数据 (30条)
-- ========================================
INSERT INTO ai_chat_message (session_id, user_id, message_type, content, query_keyword, result_count, has_external_result, relic_ids, create_time) VALUES
(1, 1, 'user', '请介绍一下商代青铜器的特点', '商代,青铜器', 0, 0, NULL, '2024-03-01 10:00:00'),
(1, 1, 'ai', '商代青铜器是中国青铜时代的代表，主要特点包括：1.器型厚重，纹饰繁复；2.常见饕餮纹、夔龙纹等神秘图案；3.铸造工艺精湛，多采用分铸法。我馆收藏的商代青铜鼎就是典型代表。', '商代,青铜器', 1, 0, '1', '2024-03-01 10:02:00'),
(1, 1, 'user', '馆内有哪些商代青铜器？', '商代,青铜器,馆藏', 0, 0, NULL, '2024-03-01 10:10:00'),
(1, 1, 'ai', '我馆目前收藏有商代青铜鼎（编号WW2024001），该文物出土于河南安阳，为三足圆鼎，腹部饰饕餮纹，铭文清晰，重38.5公斤，保存状态良好，目前在库。', '商代,青铜器', 1, 0, '1', '2024-03-01 10:15:00'),

(2, 2, 'user', '唐代有什么著名文物？', '唐代,文物', 0, 0, NULL, '2024-03-05 11:00:00'),
(2, 2, 'ai', '唐代是中国文化的鼎盛时期，我馆收藏有多件唐代珍品：1.唐三彩马（WW2024007）；2.唐代青铜佛像（WW2024005）；3.唐代山水画卷（WW2024013）；4.唐代金杯（WW2024024）等。', '唐代', 4, 0, '5,7,13,24', '2024-03-05 11:05:00'),
(2, 2, 'user', '唐三彩的特点是什么？', '唐三彩,特点', 0, 0, NULL, '2024-03-05 11:15:00'),
(2, 2, 'ai', '唐三彩是唐代低温釉陶器，主要特点：1.以黄、绿、白三色为主；2.釉色鲜艳，流动自然；3.多为陪葬品，造型生动。我馆的唐三彩马出土于洛阳，色彩保存完好，是研究唐代陶瓷艺术的重要实物。', '唐三彩', 1, 1, '7', '2024-03-05 11:20:00'),

(3, 3, 'user', '如何鉴别宋代瓷器？', '宋代,瓷器,鉴别', 0, 0, NULL, '2024-03-10 14:00:00'),
(3, 3, 'ai', '宋代瓷器鉴别要点：1.釉色：汝窑天青、官窑粉青、哥窑开片；2.胎质：细腻坚致；3.器型：简洁优雅；4.工艺：施釉均匀。我馆收藏的宋代汝窑盘（WW2024008）就是典型的汝窑天青釉，开片自然，是鉴赏学习的好范本。', '宋代,瓷器', 1, 1, '8', '2024-03-10 14:10:00'),
(3, 3, 'user', '馆内有哪些宋代瓷器？', '宋代,瓷器,馆藏', 0, 0, NULL, '2024-03-10 14:20:00'),
(3, 3, 'ai', '我馆收藏的宋代瓷器包括：宋代汝窑盘（WW2024008）、宋徽宗瘦金体书法（WW2024014，虽是书法但记录了宋代文化）等。汝窑盘是宋代五大名窑之一的代表作品。', '宋代,瓷器', 1, 0, '8', '2024-03-10 14:25:00'),

(4, 4, 'user', '王羲之的书法有什么特点？', '王羲之,书法', 0, 0, NULL, '2024-03-15 09:00:00'),
(4, 4, 'ai', '王羲之被誉为"书圣"，其书法特点：1.笔法灵动，结构严谨；2.行书流畅自然，富有韵律；3.兰亭序是其代表作。我馆收藏有王羲之兰亭序摹本（WW2024012），为唐代摹本，是研究王羲之书法的珍贵资料。', '王羲之,书法', 1, 1, '12', '2024-03-15 09:15:00'),
(4, 4, 'user', '这个摹本可以借展吗？', '借展,兰亭序', 0, 0, NULL, '2024-03-15 09:25:00'),
(4, 4, 'ai', '王羲之兰亭序摹本（WW2024012）目前状态为在库，理论上可以申请借展。但由于是纸本文物，较为脆弱，借展需要严格的环境控制和保护措施。建议您通过正式渠道提交借展申请，由审批员评估后决定。', '借展', 1, 0, '12', '2024-03-15 09:30:00'),

(5, 5, 'user', '玉器如何保养？', '玉器,保养', 0, 0, NULL, '2024-03-20 10:00:00'),
(5, 5, 'ai', '玉器保养要点：1.避免碰撞，防止破损；2.定期清洁，用软布擦拭；3.避免接触化学物质；4.保持适当湿度，防止失水。我馆对玉器文物都有专业的保养流程，如新石器玉璧、汉代玉衣片等都定期进行维护。', '玉器,保养', 3, 1, '18,19,20', '2024-03-20 10:20:00'),
(5, 5, 'user', '良渚玉璧有什么文化意义？', '良渚,玉璧', 0, 0, NULL, '2024-03-20 10:30:00'),
(5, 5, 'ai', '良渚玉璧是良渚文化的代表性器物，文化意义重大：1.礼器功能，用于祭祀；2.神人兽面纹体现原始宗教信仰；3.反映了5000年前的高度文明。我馆收藏的新石器玉璧（WW2024018）就出土于浙江良渚，直径25厘米，纹饰精美。', '良渚,玉璧', 1, 1, '18', '2024-03-20 10:40:00'),

(6, 1, 'user', '唐代金银器工艺如何？', '唐代,金银器,工艺', 0, 0, NULL, '2024-04-01 11:00:00'),
(6, 1, 'ai', '唐代金银器工艺达到高峰：1.錾刻、鎏金技术精湛；2.造型华丽，纹饰繁复；3.受西域影响，风格多样。我馆收藏的唐代金杯（WW2024024）采用鎏金银杯工艺，錾刻花纹精美，是唐代金属工艺的代表作品。', '唐代,金银器', 1, 1, '24', '2024-04-01 11:10:00'),
(6, 1, 'user', '这件金杯现在状态如何？', '金杯,状态', 0, 0, NULL, '2024-04-01 11:15:00'),
(6, 1, 'ai', '唐代金杯（WW2024024）目前状态为在库，保存良好。该文物在2024年4月10日进行过深度维护，包括清洁与防护处理。重量0.25公斤，出土于陕西西安，是研究唐代金属工艺的重要实物。', '金杯', 1, 0, '24', '2024-04-01 11:18:00'),

(7, 2, 'user', '汉代碑刻有什么特点？', '汉代,碑刻', 0, 0, NULL, '2024-04-10 15:00:00'),
(7, 2, 'ai', '汉代碑刻特点：1.多用隶书，笔画方正；2.内容丰富，记录历史事件；3.石质坚硬，保存较好。我馆收藏的汉代石碑（WW2024029）出土于山东曲阜，碑文保存完整，是研究汉代书法和历史的重要资料。', '汉代,碑刻', 1, 1, '29', '2024-04-10 15:20:00'),
(7, 2, 'user', '碑刻如何保护？', '碑刻,保护', 0, 0, NULL, '2024-04-10 15:30:00'),
(7, 2, 'ai', '碑刻保护措施：1.控制温湿度，防止风化；2.定期除尘清洁；3.避免阳光直射；4.必要时进行化学加固。我馆对汉代石碑和北魏造像碑都建立了完善的保护档案，定期进行维护检查。', '碑刻,保护', 2, 1, '29,30', '2024-04-10 15:35:00'),

(8, 3, 'user', '古代钱币如何鉴别真伪？', '古代钱币,鉴别', 0, 0, NULL, '2024-04-20 13:00:00'),
(8, 3, 'ai', '古代钱币鉴别方法：1.看铜质和锈色；2.听声音，真品声音清脆；3.观察文字和纹饰；4.测量重量和尺寸。我馆收藏有战国刀币、秦半两、汉五铢、唐开元通宝等各朝代钱币，可供研究参考。', '古代钱币', 4, 1, '33,34,35,36', '2024-04-20 13:15:00'),
(8, 3, 'user', '宋代钱币套装包含哪些？', '宋代,钱币', 0, 0, NULL, '2024-04-20 13:20:00'),
(8, 3, 'ai', '我馆收藏的宋代铜钱套装（WW2024037）包含宋代各朝钱币100枚，涵盖了宋太祖至宋徽宗时期的主要货币，如宋元通宝、太平通宝、熙宁元宝等，是研究宋代货币制度的完整资料。', '宋代,钱币', 1, 0, '37', '2024-04-20 13:22:00');

-- ========================================
-- 数据统计汇总
-- ========================================
-- 文物信息：50条
-- 借展记录：15条
-- 维护记录：20条
-- 修复记录：10条
-- 操作日志：20条
-- AI对话会话：10条
-- AI对话消息：30条
-- 总计：155条数据记录
-- 时间范围：2024-01-01 至 2024-05-20
-- ========================================
